{"1": [[0.0, 0.0, 123.65689150604098, 73.72142598994826], [0.0, 73.72142598994826, 123.65689150604098, 147.44285197989652], [0.0, 147.44285197989652, 123.65689150604098, 221.16427796984476], [0.0, 221.16427796984476, 123.65689150604098, 294.88570395979303], [0.0, 294.88570395979303, 123.65689150604098, 368.60712994974125], [0.0, 368.60712994974125, 123.65689150604098, 442.3285559396895], [0.0, 442.3285559396895, 123.65689150604098, 512], [123.65689150604098, 0.0, 247.31374414131395, 73.72347862912439], [123.65689150604098, 73.72347862912439, 247.31374414131395, 147.44695725824877], [123.65689150604098, 147.44695725824877, 247.31374414131395, 221.17043588737315], [123.65689150604098, 221.17043588737315, 247.31374414131395, 294.89391451649755], [123.65689150604098, 294.89391451649755, 247.31374414131395, 368.6173931456219], [123.65689150604098, 368.6173931456219, 247.31374414131395, 442.3408717747463], [123.65689150604098, 442.3408717747463, 247.31374414131395, 512], [247.31374414131395, 73.72553145513503, 370.97055790533096, 147.45106291027005], [247.31374414131395, 147.45106291027005, 370.97055790533096, 221.1765943654051], [247.31374414131395, 221.1765943654051, 370.97055790533096, 294.9021258205401], [247.31374414131395, 294.9021258205401, 370.97055790533096, 368.6276572756752], [247.31374414131395, 368.6276572756752, 370.97055790533096, 442.3531887308102], [247.31374414131395, 442.3531887308102, 370.97055790533096, 512], [370.97055790533096, 0.0, 494.627332798092, 73.72758446803475], [370.97055790533096, 73.72758446803475, 494.627332798092, 147.4551689360695], [370.97055790533096, 147.4551689360695, 494.627332798092, 221.18275340410426], [370.97055790533096, 221.18275340410426, 494.627332798092, 294.910337872139], [370.97055790533096, 294.910337872139, 494.627332798092, 368.63792234017376], [370.97055790533096, 368.63792234017376, 494.627332798092, 442.3655068082085], [370.97055790533096, 442.3655068082085, 494.627332798092, 512], [494.627332798092, 0.0, 512, 73.7296376678781], [494.627332798092, 73.7296376678781, 512, 147.4592753357562], [494.627332798092, 147.4592753357562, 512, 221.1889130036343], [494.627332798092, 221.1889130036343, 512, 294.9185506715124], [494.627332798092, 294.9185506715124, 512, 368.6481883393905], [494.627332798092, 442.3778260072686, 512, 512]], "0": [[247.31374414131395, 0.0, 370.97055790533096, 73.72553145513503], [494.627332798092, 368.6481883393905, 512, 442.3778260072686]]}